Product line,Male,Female,Top Spending Gender
Electronic accessories,27235.509,27102.0225,Male
Fashion accessories,23868.495,30437.40000000001,Female
Food and beverages,22973.92649999999,33170.917499999996,Female
Health and beauty,30632.752499999995,18560.986499999995,Male
Home and lifestyle,23825.035499999998,30036.877500000006,Female
Sports and travel,26548.1055,28574.72099999999,Female
