Product line,Total
Food and beverages,56144.844000000005
Sports and travel,55122.826499999996
Electronic accessories,54337.531500000005
Fashion accessories,54305.895
Home and lifestyle,53861.91300000001
Health and beauty,49193.739000000016
